policy,avg_latency_ms,p50_latency_ms,p95_latency_ms,success_rate,deadline_miss_rate,privacy_violation_rate,avg_energy_j,npu_selection_rate,cloud_selection_rate,num_tasks
greedy_latency,302.43573041929284,270.0736700650107,701.0361355847467,0.666,0.334,0.0,0.9893448069916635,0.39,0.0,500.0
greedy_energy,348.42055584223715,291.4615757431777,747.9468851673793,0.62,0.38,0.0,0.8509130419764804,0.628,0.0,500.0
threshold_offloading,372.2738383279964,318.88900569007217,749.4559704076125,0.57,0.43,0.0,1.043035437159022,0.302,0.04,500.0
local_only,396.09431215827004,382.45109840181857,730.2468498988816,0.494,0.506,0.0,1.55000924863308,0.0,0.0,500.0
cloud_only,445.12321297238964,375.72987948336913,1055.2432191742687,0.492,0.508,0.0,1.1204779631242878,0.0,0.358,500.0
