{
  "requests": 906.0,
  "ticks": 300.0,
  "mean_latency_ms": 0.578560606060606,
  "p95_latency_ms": 0.6588235294117647,
  "mean_energy_j": 0.0034713636363636366,
  "success_rate": 0.9966666666666667,
  "failure_rate_observed": 0.0033333333333332993,
  "overload_rate": 0.0,
  "mean_utilization": 0.22541666666666665,
  "final_queue_depth": 0.0
}