policy,avg_latency_ms,p50_latency_ms,p95_latency_ms,success_rate,deadline_miss_rate,privacy_violation_rate,avg_energy_j,npu_selection_rate,cloud_selection_rate
greedy_latency,301.69276699888934,272.78174297029,658.7665413142946,0.652,0.348,0.0,0.9804016297821256,0.384,0.0
dqn,292.91082985039617,251.91881821559542,654.0163913085399,0.634,0.32,0.05,0.9297768941311396,0.332,0.0
threshold_offloading,375.54280688954753,344.3284517921126,746.1838126814387,0.558,0.442,0.0,1.0620779722485298,0.28,0.036
local_only,394.41103336109967,406.38355928416775,715.212834537885,0.496,0.504,0.0,1.5425081334443986,0.0,0.0
